<addon id="repository.uzmedia" name="UzMedia Repository" version="1.0.0" provider-name="UzMedia Team">
 <extension point="xbmc.addon.repository" name="UzMedia Repository">
  <info compressed="false">https://raw.githubusercontent.com/yourusername/yourrepo/master/addons.xml</info>
  <checksum>https://raw.githubusercontent.com/yourusername/yourrepo/master/addons.xml.md5</checksum>
  <datadir zip="true">https://raw.githubusercontent.com/yourusername/yourrepo/master/</datadir>
 </extension>
 <extension point="xbmc.addon.metadata">
  <summary lang="en">UzMedia Repository</summary>
  <description lang="en">Repository for UzMedia addons</description>
  <platform>all</platform>
 </extension>
</addon></content>
<parameter name="filePath">d:\New folder (2)\New folder\kodi-repo\repository.uzmedia\addon.xml